component,bus,carrier,2025,2035,2045
Generator,DE gas primary,gas primary,241973.24388,142078.40556,8215.37002
Generator,DE oil primary,oil primary,210980.21681,79381.54102,27334.72508
Generator,DE0 0,onwind,6046.13073,4239.06426,1968.51166
Generator,DE0 0,ror,465.04803,465.04803,465.04803
Generator,DE0 0,solar,7610.84076,7610.90874,7426.75992
Generator,DE0 0,solar-hsat,26676.10603,34534.06845,34547.25941
Generator,DE0 0 biogas,unsustainable biogas,7897266.7316,2574282.6805,
Generator,DE0 0 low voltage,solar rooftop,0.04819,17857.55014,17857.55044
Generator,DE0 0 rural heat,rural heat vent,1.91668,2.35605,118.80703
Generator,DE0 0 solid biomass,solid biomass,10000.0,9375203.25549,13724299.98384
Generator,DE0 0 solid biomass,unsustainable solid biomass,13284095.15582,4336974.68887,
Generator,DE0 0 unsustainable bioliquids,unsustainable bioliquids,3722438.39775,1213408.26165,
Generator,DE0 0 urban central heat,urban central heat vent,656.67492,1.26638,42.10122
Generator,DE0 0 urban decentral heat,urban decentral heat vent,2.23249,1.86693,202.37128
Generator,DE0 1,offwind-ac,4479.42221,4479.44609,2731.78989
Generator,DE0 1,offwind-dc,0.11922,821.37105,821.37108
Generator,DE0 1,onwind,18654.93631,39956.15014,39956.14695
Generator,DE0 1,ror,19.03,19.03,19.03
Generator,DE0 1,solar,14937.95222,14937.99979,14565.08153
Generator,DE0 1,solar-hsat,0.05218,0.11877,2.75113
Generator,DE0 1 biogas,unsustainable biogas,13162904.77653,4454540.89813,
Generator,DE0 1 low voltage,solar rooftop,0.04638,18640.97551,18640.97934
Generator,DE0 1 rural heat,rural heat vent,2.29822,1.67673,75.93082
Generator,DE0 1 solid biomass,solid biomass,10000.0,15434468.09196,22619500.76903
Generator,DE0 1 solid biomass,unsustainable solid biomass,22134825.77438,7497400.61174,
Generator,DE0 1 unsustainable bioliquids,unsustainable bioliquids,6204438.04564,2099682.66834,
Generator,DE0 1 urban central heat,urban central heat vent,0.00733,0.95199,25.75151
Generator,DE0 1 urban decentral heat,urban decentral heat vent,3.53396,1.6777,143.97551
Generator,DE0 2,offwind-ac,1627.42768,1632.39253,2462.53431
Generator,DE0 2,offwind-dc,2842.79538,38827.01087,59744.16188
Generator,DE0 2,onwind,8190.10051,30563.80158,30563.79726
Generator,DE0 2,ror,23.404,23.404,23.404
Generator,DE0 2,solar,12137.69932,12137.74843,11835.18979
Generator,DE0 2,solar-hsat,0.0513,0.1224,2.6045
Generator,DE0 2 biogas,unsustainable biogas,13046697.19156,4358933.90023,
Generator,DE0 2 low voltage,solar rooftop,0.05461,17955.12139,17955.12153
Generator,DE0 2 rural heat,rural heat vent,1.56532,1.77757,83.63298
Generator,DE0 2 solid biomass,solid biomass,10000.0,15134866.55862,22671136.54352
Generator,DE0 2 solid biomass,unsustainable solid biomass,21939498.63233,7336699.8996,
Generator,DE0 2 unsustainable bioliquids,unsustainable bioliquids,6149662.69221,2054617.56263,
Generator,DE0 2 urban central heat,urban central heat vent,104.52597,1.00579,139.0113
Generator,DE0 2 urban decentral heat,urban decentral heat vent,1.33796,1.71856,100.52084
Generator,DE0 3,offwind-ac,3050.1992,3480.73653,3480.67887
Generator,DE0 3,offwind-dc,0.03599,759.04026,759.0403
Generator,DE0 3,onwind,8966.98773,33462.98901,33462.96543
Generator,DE0 3,ror,93.0114,93.0114,93.0114
Generator,DE0 3,solar,12523.42742,12523.49337,12215.25472
Generator,DE0 3,solar-hsat,0.10437,13276.54155,18852.48112
Generator,DE0 3 biogas,unsustainable biogas,13145784.55736,4364804.0486,
Generator,DE0 3 low voltage,solar rooftop,1.17501,22096.60722,22096.60767
Generator,DE0 3 rural heat,rural heat vent,3.23501,1.65814,77.44864
Generator,DE0 3 solid biomass,solid biomass,10000.0,15080775.85107,21906172.13015
Generator,DE0 3 solid biomass,unsustainable solid biomass,22106049.30956,7346566.71944,
Generator,DE0 3 unsustainable bioliquids,unsustainable bioliquids,6196368.29653,2057384.50294,
Generator,DE0 3 urban central heat,urban central heat vent,589.35927,0.98111,32.33515
Generator,DE0 3 urban decentral heat,urban decentral heat vent,106.35597,1.56291,153.12086
Generator,DE0 4,onwind,5146.02379,19203.92246,19203.91801
Generator,DE0 4,ror,280.359,280.359,280.359
Generator,DE0 4,solar,8379.54609,8379.61064,8176.17516
Generator,DE0 4,solar-hsat,0.07388,20254.43717,28543.25725
Generator,DE0 4 biogas,unsustainable biogas,8337926.76658,2825553.32512,
Generator,DE0 4 low voltage,solar rooftop,0.03542,33620.22076,33620.23463
Generator,DE0 4 rural heat,rural heat vent,1.51957,1.90326,74.38553
Generator,DE0 4 solid biomass,solid biomass,10000.0,8380772.65836,12575439.63439
Generator,DE0 4 solid biomass,unsustainable solid biomass,14024777.14548,4759322.1364,
Generator,DE0 4 unsustainable bioliquids,unsustainable bioliquids,3930146.94937,1331846.64388,
Generator,DE0 4 urban central heat,urban central heat vent,0.02731,0.90209,24.98461
Generator,DE0 4 urban decentral heat,urban decentral heat vent,1.4131,1.69174,99.02864
Generator,DE0 5,onwind,8187.3036,5741.23452,15277.97379
Generator,DE0 5,ror,158.00312,158.00312,158.00312
Generator,DE0 5,solar,9988.12117,9988.17538,9744.66593
Generator,DE0 5,solar-hsat,0.11998,0.46318,23.28916
Generator,DE0 5 biogas,unsustainable biogas,10771523.78276,3501018.7056,
Generator,DE0 5 low voltage,solar rooftop,0.04523,13438.61687,13438.61741
Generator,DE0 5 rural heat,rural heat vent,1.35277,1.5696,78.96524
Generator,DE0 5 solid biomass,solid biomass,10000.0,13327432.50896,19391885.46567
Generator,DE0 5 solid biomass,unsustainable solid biomass,18115280.79206,5894675.92901,
Generator,DE0 5 unsustainable bioliquids,unsustainable bioliquids,5077241.92356,1650232.5303,
Generator,DE0 5 urban central heat,urban central heat vent,0.0098,0.81631,25.1733
Generator,DE0 5 urban decentral heat,urban decentral heat vent,1.92433,1.63409,40.24701
Generator,DE0 6,onwind,4689.57925,3288.05331,16614.17577
Generator,DE0 6,ror,250.4458,250.4458,250.4458
Generator,DE0 6,solar,6945.28199,6945.34204,6786.74454
Generator,DE0 6,solar-hsat,1594.21445,25508.5325,31716.6874
Generator,DE0 6 biogas,unsustainable biogas,9346726.68017,3040859.75643,
Generator,DE0 6 low voltage,solar rooftop,0.03964,24629.41499,24629.4176
Generator,DE0 6 rural heat,rural heat vent,1.04232,2.31567,82.50545
Generator,DE0 6 solid biomass,solid biomass,10000.0,10895123.98203,15957707.30863
Generator,DE0 6 solid biomass,unsustainable solid biomass,15720415.20625,5121219.25271,
Generator,DE0 6 unsustainable bioliquids,unsustainable bioliquids,4405652.67327,1433333.01308,
Generator,DE0 6 urban central heat,urban central heat vent,164.55976,0.9989,29.8818
Generator,DE0 6 urban decentral heat,urban decentral heat vent,1.39166,1.90243,124.01496
Generator,DE0 7,onwind,9118.93626,6393.39533,2952.59266
Generator,DE0 7,ror,1482.1745,1482.1745,1482.1745
Generator,DE0 7,solar,9204.43083,9204.49565,8982.34062
Generator,DE0 7,solar-hsat,0.47831,24372.74657,24715.20667
Generator,DE0 7 biogas,unsustainable biogas,12606447.12343,4024048.29668,
Generator,DE0 7 low voltage,solar rooftop,0.05522,16437.07054,16437.07127
Generator,DE0 7 rural heat,rural heat vent,2.25069,1.77001,77.91931
Generator,DE0 7 solid biomass,solid biomass,10000.0,17001534.47412,24919477.00071
Generator,DE0 7 solid biomass,unsustainable solid biomass,21199505.73412,6773808.51972,
Generator,DE0 7 unsustainable bioliquids,unsustainable bioliquids,5942147.38167,1896766.61598,
Generator,DE0 7 urban central heat,urban central heat vent,0.01485,0.86267,25.0075
Generator,DE0 7 urban decentral heat,urban decentral heat vent,169.5875,1.50212,169.77647
Line,DE0 0,AC,32874.32741,33147.37202,33941.73028
Line,DE0 1,AC,44232.43146,56924.64091,56926.11698
Line,DE0 2,AC,44175.09709,63968.46639,71163.87165
Line,DE0 3,AC,22522.20544,35450.49541,35450.71637
Line,DE0 4,AC,29895.55836,41602.71714,41603.13722
Line,DE0 5,AC,21308.03487,21308.03661,21308.26719
Line,DE0 6,AC,7954.27096,8457.91645,9830.74192
Link,DE gas,CCGT,11346.91319,10628.19356,7968.07251
Link,DE gas,OCGT,58.09888,57.55556,57.55556
Link,DE gas,SMR,1397.03485,1393.89979,1397.23677
Link,DE gas,SMR CC,614.42345,613.03301,615.99787
Link,DE gas,gas for industry,34550.13667,21572.99687,4.22793
Link,DE gas,gas for industry CC,0.35939,0.24205,11228.66185
Link,DE gas,rural gas boiler,33114.81265,15685.96387,
Link,DE gas,urban central gas CHP,60153.1068,55634.12703,41013.51982
Link,DE gas,urban central gas CHP CC,0.1645,0.1681,9.4307
Link,DE gas,urban central gas boiler,1.4251,1.23629,23.8035
Link,DE gas,urban decentral gas boiler,117389.36399,55605.4882,
Link,DE gas primary,gas compressing,1000000.0,1000000.0,1000000.0
Link,DE methanol,industry methanol,587.89954,728.3105,779.68037
Link,DE methanol,methanol,1000000.0,1000000.0,1000000.0
Link,DE oil,agriculture machinery oil,740.07532,740.07532,740.07532
Link,DE oil,kerosene for aviation,15276.87574,16793.41231,15601.64874
Link,DE oil,land transport oil,131866.15713,43726.20506,3334.02736
Link,DE oil,naphtha for industry,21263.69863,16429.22374,11243.15068
Link,DE oil,oil,2231.42857,1787.42857,1197.14286
Link,DE oil,rural oil boiler,18891.44392,8948.5787,
Link,DE oil,shipping oil,2174.92093,1413.69861,434.98419
Link,DE oil,urban central oil CHP,868.55619,794.67892,
Link,DE oil,urban decentral oil boiler,66968.65877,31721.99626,
Link,DE oil primary,oil refining,1000000.0,1000000.0,1000000.0
Link,DE renewable gas,renewable gas,2000000.0,2000000.0,2000000.0
Link,DE renewable oil,renewable oil,2000000.0,2000000.0,2000000.0
Link,DE0 0,DAC,0.00173,0.00229,0.16463
Link,DE0 0,H2 Electrolysis,0.0074,0.06123,1.61263
Link,DE0 0,battery charger,0.09989,9330.59179,10230.3843
Link,DE0 0,electricity distribution grid,7379.94907,9954.90789,13083.24745
Link,DE0 0 H2,Fischer-Tropsch,0.02076,0.23165,0.52815
Link,DE0 0 H2,H2 Fuel Cell,0.01264,0.0292,0.76319
Link,DE0 0 H2,H2 pipeline,1.42493,117.12617,1134.52362
Link,DE0 0 H2,H2 pipeline retrofitted,78.47515,899.99808,900.00001
Link,DE0 0 H2,H2 turbine,0.06287,1.4633,29.43725
Link,DE0 0 H2,Sabatier,0.00876,0.01468,0.31074
Link,DE0 0 H2,methanolisation,61.79025,61.84893,3.80878
Link,DE0 0 battery,battery discharger,0.10222,9522.99537,10441.34225
Link,DE0 0 biogas,biogas to gas,901.10439,901.11292,0.65309
Link,DE0 0 biogas,biogas to gas CC,0.4173,0.0083,236.25452
Link,DE0 0 co2 stored,CO2 pipeline,0.30076,4.89853,403.08539
Link,DE0 0 home battery,home battery discharger,70.71728,50.34035,36.19977
Link,DE0 0 low voltage,BEV charger,5096.37514,31012.08032,47994.86463
Link,DE0 0 low voltage,electricity distribution grid,7379.94907,9954.90789,13083.24745
Link,DE0 0 low voltage,home battery charger,69.10783,49.32327,35.46839
Link,DE0 0 low voltage,rural air heat pump,0.0109,0.00595,0.15654
Link,DE0 0 low voltage,rural ground heat pump,117.0177,519.82326,481.98026
Link,DE0 0 low voltage,rural resistive heater,103.00829,1280.96253,1179.90508
Link,DE0 0 low voltage,urban central air heat pump,0.0057,1.66331,312.18319
Link,DE0 0 low voltage,urban central resistive heater,0.28737,3861.38344,3868.00516
Link,DE0 0 low voltage,urban decentral air heat pump,116.79717,444.1222,1043.57343
Link,DE0 0 low voltage,urban decentral resistive heater,91.39516,1544.95059,3635.20427
Link,DE0 0 non-sequestered HVC,waste CHP,730.29471,1109.44358,1109.77523
Link,DE0 0 non-sequestered HVC,waste CHP CC,0.14021,0.03457,0.34404
Link,DE0 0 process emissions,process emissions,198.43501,0.01015,0.03598
Link,DE0 0 process emissions,process emissions CC,14.74684,231.42845,242.82503
Link,DE0 0 rural heat,rural water tanks charger,1234.06648,2731.93238,2750.98521
Link,DE0 0 rural water tanks,rural water tanks discharger,1234.06648,2731.93238,2750.98521
Link,DE0 0 solid biomass,biomass to liquid,0.01151,0.01013,0.29617
Link,DE0 0 solid biomass,biomass to liquid CC,0.00834,0.00751,0.27006
Link,DE0 0 solid biomass,rural biomass boiler,608.41519,288.1968,0.00058
Link,DE0 0 solid biomass,solid biomass,48.99777,,
Link,DE0 0 solid biomass,solid biomass for industry,480.58227,589.02932,0.17764
Link,DE0 0 solid biomass,solid biomass for industry CC,0.04398,0.03955,753.59462
Link,DE0 0 solid biomass,urban central solid biomass CHP,1850.08645,1074.18144,25.26355
Link,DE0 0 solid biomass,urban central solid biomass CHP CC,0.00746,0.00717,0.26949
Link,DE0 0 solid biomass,urban decentral biomass boiler,4028.17294,8847.98584,6939.90566
Link,DE0 0 unsustainable bioliquids,unsustainable bioliquids,3722438.39775,1213408.26165,
Link,DE0 0 urban central heat,urban central water pits charger,638.23142,3360.638,4290.06173
Link,DE0 0 urban central heat,urban central water tanks charger,0.31086,0.32637,3.24451
Link,DE0 0 urban central water pits,urban central water pits discharger,638.23142,3360.638,4290.06173
Link,DE0 0 urban central water tanks,urban central water tanks discharger,0.31086,0.32637,3.24451
Link,DE0 0 urban decentral heat,urban decentral water tanks charger,284.49699,661.28065,793.99488
Link,DE0 0 urban decentral water tanks,urban decentral water tanks discharger,284.49699,661.28065,793.99488
Link,DE0 1,DAC,0.0017,0.00234,0.19069
Link,DE0 1,DC,4600.00372,16500.31981,16505.53662
Link,DE0 1,H2 Electrolysis,0.00744,6080.63571,6084.62791
Link,DE0 1,battery charger,0.09978,1875.20221,1770.852
Link,DE0 1,electricity distribution grid,9069.95853,14645.99837,16818.86544
Link,DE0 1 H2,Fischer-Tropsch,0.02076,2356.90026,2357.42486
Link,DE0 1 H2,H2 Fuel Cell,0.01363,0.0255,0.66765
Link,DE0 1 H2,H2 pipeline,1.89971,3.34533,65.78882
Link,DE0 1 H2,H2 turbine,0.06282,6.56045,107.21588
Link,DE0 1 H2,Sabatier,0.00877,0.01457,0.30683
Link,DE0 1 H2,methanolisation,2.99177,0.08434,4.15913
Link,DE0 1 battery,battery discharger,0.10211,1913.87024,1807.36825
Link,DE0 1 biogas,biogas to gas,1502.20044,1502.20905,0.61123
Link,DE0 1 biogas,biogas to gas CC,0.42148,0.00846,703.89019
Link,DE0 1 co2 stored,CO2 pipeline,162.62387,1069.89017,3418.84659
Link,DE0 1 home battery,home battery discharger,74.37224,512.50173,330.16288
Link,DE0 1 low voltage,BEV charger,5319.95834,32372.61206,50100.44852
Link,DE0 1 low voltage,electricity distribution grid,9069.95853,14645.99837,16818.86544
Link,DE0 1 low voltage,home battery charger,72.6796,502.1471,323.49223
Link,DE0 1 low voltage,rural air heat pump,0.0108,0.00639,0.1617
Link,DE0 1 low voltage,rural ground heat pump,125.03025,883.50346,974.93044
Link,DE0 1 low voltage,rural resistive heater,167.80247,3352.02857,3236.40651
Link,DE0 1 low voltage,urban central air heat pump,0.00775,33.63166,144.08776
Link,DE0 1 low voltage,urban central resistive heater,1104.24096,5410.75267,4835.18222
Link,DE0 1 low voltage,urban decentral air heat pump,121.92074,508.72263,564.12581
Link,DE0 1 low voltage,urban decentral resistive heater,22.8493,2364.91172,2417.8983
Link,DE0 1 non-sequestered HVC,waste CHP,760.45145,1105.24383,1105.57973
Link,DE0 1 non-sequestered HVC,waste CHP CC,0.14094,0.07838,0.47697
Link,DE0 1 process emissions,process emissions,542.40056,0.00312,0.02178
Link,DE0 1 process emissions,process emissions CC,75.04381,510.78227,511.03863
Link,DE0 1 rural heat,rural water tanks charger,1911.77435,6272.62964,6310.56517
Link,DE0 1 rural water tanks,rural water tanks discharger,1911.77435,6272.62964,6310.56517
Link,DE0 1 solid biomass,biomass to liquid,0.01154,0.01135,0.34878
Link,DE0 1 solid biomass,biomass to liquid CC,0.00835,0.00928,0.724
Link,DE0 1 solid biomass,rural biomass boiler,2935.22309,2170.76358,0.00114
Link,DE0 1 solid biomass,solid biomass,241.27691,,
Link,DE0 1 solid biomass,solid biomass for industry,434.91796,0.12837,0.11608
Link,DE0 1 solid biomass,solid biomass for industry CC,0.04273,526.25008,557.42063
Link,DE0 1 solid biomass,urban central solid biomass CHP,7571.7556,5478.2534,0.47704
Link,DE0 1 solid biomass,urban central solid biomass CHP CC,0.01072,0.00789,0.35854
Link,DE0 1 solid biomass,urban decentral biomass boiler,3387.5265,5471.1081,7659.45347
Link,DE0 1 unsustainable bioliquids,unsustainable bioliquids,6204438.04564,2099682.66834,
Link,DE0 1 urban central heat,urban central water pits charger,1462.79748,6360.10304,6490.72378
Link,DE0 1 urban central heat,urban central water tanks charger,0.29898,0.32312,3.10721
Link,DE0 1 urban central water pits,urban central water pits discharger,1462.79748,6360.10304,6490.72378
Link,DE0 1 urban central water tanks,urban central water tanks discharger,0.29898,0.32312,3.10721
Link,DE0 1 urban decentral heat,urban decentral water tanks charger,37.13762,3586.36247,3628.02361
Link,DE0 1 urban decentral water tanks,urban decentral water tanks discharger,37.13762,3586.36247,3628.02361
Link,DE0 2,DAC,0.0017,0.00237,0.28224
Link,DE0 2,DC,1400.00036,7205.00875,7222.30328
Link,DE0 2,H2 Electrolysis,0.00738,11580.35407,21717.89037
Link,DE0 2,battery charger,0.09969,3678.6637,5709.31782
Link,DE0 2,electricity distribution grid,8443.55817,16292.11256,17804.23065
Link,DE0 2 H2,Fischer-Tropsch,0.02076,0.32831,0.51329
Link,DE0 2 H2,H2 Fuel Cell,0.0129,0.02395,0.70799
Link,DE0 2 H2,H2 pipeline,0.81878,2.96182,57.90838
Link,DE0 2 H2,H2 turbine,0.06289,8.00343,74.43468
Link,DE0 2 H2,Sabatier,0.00878,0.01446,0.30504
Link,DE0 2 H2,methanolisation,2.85807,0.08141,4.03143
Link,DE0 2 battery,battery discharger,0.10201,3754.52042,5827.0481
Link,DE0 2 biogas,biogas to gas,1488.95023,1488.95886,0.60172
Link,DE0 2 biogas,biogas to gas CC,0.40599,0.00849,1025.84292
Link,DE0 2 co2 stored,CO2 pipeline,0.29845,1520.07021,4524.5394
Link,DE0 2 home battery,home battery discharger,0.43418,1480.2523,871.10711
Link,DE0 2 low voltage,BEV charger,5124.221,31181.52586,48257.10166
Link,DE0 2 low voltage,electricity distribution grid,8443.55817,16292.11256,17804.23065
Link,DE0 2 low voltage,home battery charger,0.4243,1450.34513,853.50717
Link,DE0 2 low voltage,rural air heat pump,0.01045,0.006,0.15431
Link,DE0 2 low voltage,rural ground heat pump,106.87521,766.80437,870.44604
Link,DE0 2 low voltage,rural resistive heater,56.57732,2841.78058,2927.59496
Link,DE0 2 low voltage,urban central air heat pump,0.00627,0.01066,1.2115
Link,DE0 2 low voltage,urban central resistive heater,10.65076,3538.88241,4678.88636
Link,DE0 2 low voltage,urban decentral air heat pump,117.43841,1227.71013,1172.61498
Link,DE0 2 low voltage,urban decentral resistive heater,407.98234,5467.62643,5062.31544
Link,DE0 2 non-sequestered HVC,waste CHP,735.52524,736.12596,735.95917
Link,DE0 2 non-sequestered HVC,waste CHP CC,0.13781,187.13433,188.03729
Link,DE0 2 process emissions,process emissions,805.23101,0.00281,0.02147
Link,DE0 2 process emissions,process emissions CC,0.57862,726.97258,727.22828
Link,DE0 2 rural heat,rural water tanks charger,899.92397,1837.33544,1869.83397
Link,DE0 2 rural water tanks,rural water tanks discharger,899.92397,1837.33544,1869.83397
Link,DE0 2 solid biomass,biomass to liquid,0.01153,0.01079,0.36934
Link,DE0 2 solid biomass,biomass to liquid CC,0.00834,0.00849,195.91563
Link,DE0 2 solid biomass,rural biomass boiler,2884.03295,2222.91179,0.00432
Link,DE0 2 solid biomass,solid biomass,163.32591,,
Link,DE0 2 solid biomass,solid biomass for industry,752.26982,899.21842,0.10676
Link,DE0 2 solid biomass,solid biomass for industry CC,0.04276,0.37123,1118.9275
Link,DE0 2 solid biomass,urban central solid biomass CHP,11554.54253,1883.28643,34.23469
Link,DE0 2 solid biomass,urban central solid biomass CHP CC,0.00847,0.00685,0.42956
Link,DE0 2 solid biomass,urban decentral biomass boiler,4732.87582,3397.05134,4904.9371
Link,DE0 2 unsustainable bioliquids,unsustainable bioliquids,6149662.69221,2054617.56263,
Link,DE0 2 urban central heat,urban central water pits charger,687.20913,3404.05746,6085.3644
Link,DE0 2 urban central heat,urban central water tanks charger,0.31397,0.32179,3.18384
Link,DE0 2 urban central water pits,urban central water pits discharger,687.20913,3404.05746,6085.3644
Link,DE0 2 urban central water tanks,urban central water tanks discharger,0.31397,0.32179,3.18384
Link,DE0 2 urban decentral heat,urban decentral water tanks charger,3999.87537,7499.89659,7519.98192
Link,DE0 2 urban decentral water tanks,urban decentral water tanks discharger,3999.87537,7499.89659,7519.98192
Link,DE0 3,DAC,0.00172,0.0023,0.16989
Link,DE0 3,H2 Electrolysis,0.00744,4985.66706,4989.15189
Link,DE0 3,battery charger,0.09998,5121.57852,4982.56604
Link,DE0 3,electricity distribution grid,9573.57709,15525.73026,18581.25051
Link,DE0 3 H2,Fischer-Tropsch,0.02077,1.83596,0.52319
Link,DE0 3 H2,H2 Fuel Cell,0.01345,0.02715,0.70764
Link,DE0 3 H2,H2 pipeline,14.29197,15.57984,47.14586
Link,DE0 3 H2,H2 turbine,0.06285,5.19763,111.68633
Link,DE0 3 H2,Sabatier,0.00877,0.01476,0.31033
Link,DE0 3 H2,methanolisation,49.19972,49.28445,4.14754
Link,DE0 3 battery,battery discharger,0.10231,5227.18919,5085.31017
Link,DE0 3 biogas,biogas to gas,1500.29007,1500.29867,0.63672
Link,DE0 3 biogas,biogas to gas CC,0.37749,0.00839,596.13234
Link,DE0 3 co2 stored,CO2 pipeline,0.09353,260.23407,1687.20826
Link,DE0 3 home battery,home battery discharger,59.37335,936.69259,956.92447
Link,DE0 3 low voltage,BEV charger,6306.16178,38373.78338,59387.97139
Link,DE0 3 low voltage,electricity distribution grid,9573.57709,15525.73026,18581.25051
Link,DE0 3 low voltage,home battery charger,58.02207,917.76756,937.59067
Link,DE0 3 low voltage,rural air heat pump,0.0089,0.00628,0.15468
Link,DE0 3 low voltage,rural ground heat pump,161.82431,1155.66229,1310.84959
Link,DE0 3 low voltage,rural resistive heater,285.96767,4479.34013,4413.12682
Link,DE0 3 low voltage,urban central air heat pump,0.00767,708.26719,708.87742
Link,DE0 3 low voltage,urban central resistive heater,2216.05412,5631.76559,5496.53272
Link,DE0 3 low voltage,urban decentral air heat pump,177.95659,394.56255,513.52633
Link,DE0 3 low voltage,urban decentral resistive heater,0.12813,1964.91738,2305.96318
Link,DE0 3 non-sequestered HVC,waste CHP,905.3305,1409.61177,1409.94338
Link,DE0 3 non-sequestered HVC,waste CHP CC,0.12714,0.04064,0.39617
Link,DE0 3 process emissions,process emissions,468.23568,0.00621,0.02564
Link,DE0 3 process emissions,process emissions CC,0.38428,389.92186,390.1776
Link,DE0 3 rural heat,rural water tanks charger,2598.1709,8825.90983,8863.29565
Link,DE0 3 rural water tanks,rural water tanks discharger,2598.1709,8825.90983,8863.29565
Link,DE0 3 solid biomass,biomass to liquid,0.01152,0.01134,0.32145
Link,DE0 3 solid biomass,biomass to liquid CC,0.00834,0.00902,0.45353
Link,DE0 3 solid biomass,rural biomass boiler,4190.64604,3182.12403,0.00382
Link,DE0 3 solid biomass,solid biomass,456.19896,,
Link,DE0 3 solid biomass,solid biomass for industry,633.55465,715.723,0.1455
Link,DE0 3 solid biomass,solid biomass for industry CC,0.04284,0.06329,870.30281
Link,DE0 3 solid biomass,urban central solid biomass CHP,5771.302,2463.326,752.38047
Link,DE0 3 solid biomass,urban central solid biomass CHP CC,0.01039,0.00767,0.2796
Link,DE0 3 solid biomass,urban decentral biomass boiler,3821.03742,3029.96242,5857.71844
Link,DE0 3 unsustainable bioliquids,unsustainable bioliquids,6196368.29653,2057384.50294,
Link,DE0 3 urban central heat,urban central water pits charger,3052.86254,6956.09664,7206.59087
Link,DE0 3 urban central heat,urban central water tanks charger,0.30201,0.32628,3.08415
Link,DE0 3 urban central water pits,urban central water pits discharger,3052.86254,6956.09664,7206.59087
Link,DE0 3 urban central water tanks,urban central water tanks discharger,0.30201,0.32628,3.08415
Link,DE0 3 urban decentral heat,urban decentral water tanks charger,2.62101,2161.66998,2204.42026
Link,DE0 3 urban decentral water tanks,urban decentral water tanks discharger,2.62101,2161.66998,2204.42026
Link,DE0 4,DAC,0.00169,0.00232,0.17903
Link,DE0 4,DC,3000.00224,11523.27778,13169.91571
Link,DE0 4,H2 Electrolysis,0.00735,0.08511,2.05888
Link,DE0 4,battery charger,0.09927,2241.46491,2029.35735
Link,DE0 4,electricity distribution grid,18141.17523,34042.08054,42066.14796
Link,DE0 4 H2,Fischer-Tropsch,0.02078,1.03798,0.52271
Link,DE0 4 H2,H2 Fuel Cell,0.01314,0.03039,0.75864
Link,DE0 4 H2,H2 pipeline,26.22205,24.39221,96.15531
Link,DE0 4 H2,H2 pipeline (Kernnetz),960.0,33501.66667,33501.66667
Link,DE0 4 H2,H2 pipeline retrofitted,0.31594,0.46969,511.66797
Link,DE0 4 H2,H2 turbine,0.06247,6.69288,81.36193
Link,DE0 4 H2,Sabatier,0.00882,0.01467,0.30772
Link,DE0 4 H2,methanolisation,527.49867,527.56462,3.25635
Link,DE0 4 battery,battery discharger,0.10159,2287.68555,2071.20418
Link,DE0 4 biogas,biogas to gas,951.4115,951.42003,0.62138
Link,DE0 4 biogas,biogas to gas CC,0.41384,0.00833,400.69886
Link,DE0 4 co2 stored,CO2 pipeline,0.28044,1244.77843,1682.45433
Link,DE0 4 home battery,home battery discharger,0.31381,2032.39587,3082.62506
Link,DE0 4 low voltage,BEV charger,9594.89552,58386.13962,90359.46116
Link,DE0 4 low voltage,electricity distribution grid,18141.17523,34042.08054,42066.14796
Link,DE0 4 low voltage,home battery charger,0.30667,1991.33313,3020.34339
Link,DE0 4 low voltage,rural air heat pump,0.00404,0.00618,0.15881
Link,DE0 4 low voltage,rural ground heat pump,258.4806,497.63412,466.94049
Link,DE0 4 low voltage,rural resistive heater,157.35571,1201.12474,1052.79992
Link,DE0 4 low voltage,urban central air heat pump,0.00695,0.02857,414.13474
Link,DE0 4 low voltage,urban central resistive heater,807.95128,12933.26458,12179.25233
Link,DE0 4 low voltage,urban decentral air heat pump,284.33188,3578.91873,4653.36283
Link,DE0 4 low voltage,urban decentral resistive heater,805.34227,14302.32119,18075.24155
Link,DE0 4 non-sequestered HVC,waste CHP,1373.38907,1872.02385,1872.42295
Link,DE0 4 non-sequestered HVC,waste CHP CC,0.14464,0.05065,0.73655
Link,DE0 4 process emissions,process emissions,2000.91256,0.00499,0.02267
Link,DE0 4 process emissions,process emissions CC,127.65206,1411.75983,1412.01458
Link,DE0 4 rural heat,rural water tanks charger,2141.57653,2204.87557,2237.67117
Link,DE0 4 rural water tanks,rural water tanks discharger,2141.57653,2204.87557,2237.67117
Link,DE0 4 solid biomass,biomass to liquid,0.01151,0.01053,0.2945
Link,DE0 4 solid biomass,biomass to liquid CC,0.00834,0.008,0.26714
Link,DE0 4 solid biomass,rural biomass boiler,452.14972,214.17632,0.00115
Link,DE0 4 solid biomass,solid biomass,730.14105,204.15739,
Link,DE0 4 solid biomass,solid biomass for industry,1214.59997,1515.94813,0.10907
Link,DE0 4 solid biomass,solid biomass for industry CC,0.04327,0.05508,1980.16787
Link,DE0 4 solid biomass,urban central solid biomass CHP,2520.69609,485.68509,0.38312
Link,DE0 4 solid biomass,urban central solid biomass CHP CC,0.0096,0.00703,0.24017
Link,DE0 4 solid biomass,urban decentral biomass boiler,9016.25611,4659.88378,0.00318
Link,DE0 4 unsustainable bioliquids,unsustainable bioliquids,3930146.94937,1331846.64388,
Link,DE0 4 urban central heat,urban central water pits charger,1744.79496,13313.08299,16594.4702
Link,DE0 4 urban central heat,urban central water tanks charger,0.30774,0.32105,3.21512
Link,DE0 4 urban central water pits,urban central water pits discharger,1744.79496,13313.08299,16594.4702
Link,DE0 4 urban central water tanks,urban central water tanks discharger,0.30774,0.32105,3.21512
Link,DE0 4 urban decentral heat,urban decentral water tanks charger,7844.78367,18401.12231,18440.40553
Link,DE0 4 urban decentral water tanks,urban decentral water tanks discharger,7844.78367,18401.12231,18440.40553
Link,DE0 5,DAC,0.00179,0.00227,0.16315
Link,DE0 5,H2 Electrolysis,0.00731,0.04382,2.1737
Link,DE0 5,battery charger,0.09488,4.88967,252.30808
Link,DE0 5,electricity distribution grid,7448.583,10874.07516,12085.82982
Link,DE0 5 H2,Fischer-Tropsch,0.02076,138.8149,139.34001
Link,DE0 5 H2,H2 Fuel Cell,0.01294,0.02604,0.65685
Link,DE0 5 H2,H2 turbine,0.06243,8.18753,116.14373
Link,DE0 5 H2,Sabatier,0.00874,0.01502,0.30971
Link,DE0 5 H2,methanolisation,4.95522,0.05987,3.54096
Link,DE0 5 battery,battery discharger,0.09709,4.9905,257.51085
Link,DE0 5 biogas,biogas to gas,1229.21393,1229.22247,0.63327
Link,DE0 5 biogas,biogas to gas CC,0.41929,0.00832,278.66006
Link,DE0 5 co2 stored,CO2 pipeline,0.1318,1.53875,450.11084
Link,DE0 5 home battery,home battery discharger,38.74987,751.5985,493.33054
Link,DE0 5 low voltage,BEV charger,3835.25366,23337.99836,36118.31455
Link,DE0 5 low voltage,electricity distribution grid,7448.583,10874.07516,12085.82982
Link,DE0 5 low voltage,home battery charger,37.86796,736.41312,483.36324
Link,DE0 5 low voltage,rural air heat pump,0.01064,0.00597,0.15354
Link,DE0 5 low voltage,rural ground heat pump,103.14029,1176.71214,1205.71575
Link,DE0 5 low voltage,rural resistive heater,178.18668,3842.70652,3676.90911
Link,DE0 5 low voltage,urban central air heat pump,0.00722,0.04997,50.82495
Link,DE0 5 low voltage,urban central resistive heater,110.58469,3389.09076,3555.59595
Link,DE0 5 low voltage,urban decentral air heat pump,87.89588,41.64839,1.11778
Link,DE0 5 low voltage,urban decentral resistive heater,25.76932,144.57502,120.69894
Link,DE0 5 non-sequestered HVC,waste CHP,549.06401,747.90444,748.25041
Link,DE0 5 non-sequestered HVC,waste CHP CC,0.12986,0.04449,0.53035
Link,DE0 5 process emissions,process emissions,317.19056,0.00619,0.03259
Link,DE0 5 process emissions,process emissions CC,1.03855,357.95543,374.32354
Link,DE0 5 rural heat,rural water tanks charger,1987.04571,5595.06454,5631.20419
Link,DE0 5 rural water tanks,rural water tanks discharger,1987.04571,5595.06454,5631.20419
Link,DE0 5 solid biomass,biomass to liquid,0.01153,0.01108,0.38378
Link,DE0 5 solid biomass,biomass to liquid CC,0.00834,0.00866,135.99723
Link,DE0 5 solid biomass,rural biomass boiler,3123.08261,2170.38475,0.00393
Link,DE0 5 solid biomass,solid biomass,564.58797,,
Link,DE0 5 solid biomass,solid biomass for industry,457.74926,520.52576,0.13887
Link,DE0 5 solid biomass,solid biomass for industry CC,0.04296,0.04955,625.5093
Link,DE0 5 solid biomass,urban central solid biomass CHP,5763.60151,1012.20184,0.527
Link,DE0 5 solid biomass,urban central solid biomass CHP CC,0.00996,0.00736,0.43562
Link,DE0 5 solid biomass,urban decentral biomass boiler,1679.11676,3654.82422,5255.45352
Link,DE0 5 unsustainable bioliquids,unsustainable bioliquids,5077241.92356,1650232.5303,
Link,DE0 5 urban central heat,urban central water pits charger,1126.82201,3487.55235,3934.18567
Link,DE0 5 urban central heat,urban central water tanks charger,0.3062,0.32029,3.14148
Link,DE0 5 urban central water pits,urban central water pits discharger,1126.82201,3487.55235,3934.18567
Link,DE0 5 urban central water tanks,urban central water tanks discharger,0.3062,0.32029,3.14148
Link,DE0 5 urban decentral heat,urban decentral water tanks charger,58.27861,268.73213,279.77714
Link,DE0 5 urban decentral water tanks,urban decentral water tanks discharger,58.27861,268.73213,279.77714
Link,DE0 6,DAC,0.00179,0.00231,0.16939
Link,DE0 6,DC,2000.0008,2000.47361,2014.9694
Link,DE0 6,H2 Electrolysis,0.00729,0.04974,1.52378
Link,DE0 6,battery charger,0.09464,3552.55488,3545.61854
Link,DE0 6,electricity distribution grid,13282.29375,18220.09781,23675.01723
Link,DE0 6 H2,Fischer-Tropsch,0.02075,0.68186,0.52254
Link,DE0 6 H2,H2 Fuel Cell,0.0129,0.03243,0.78402
Link,DE0 6 H2,H2 pipeline,0.26345,2.57056,58.24806
Link,DE0 6 H2,H2 turbine,0.06186,6.45045,99.803
Link,DE0 6 H2,Sabatier,0.00885,0.01479,0.30906
Link,DE0 6 H2,methanolisation,0.27368,0.06014,3.17238
Link,DE0 6 battery,battery discharger,0.09685,3625.81114,3618.73177
Link,DE0 6 biogas,biogas to gas,1066.68894,1066.69748,0.63752
Link,DE0 6 biogas,biogas to gas CC,0.29621,0.00831,139.17918
Link,DE0 6 co2 stored,CO2 pipeline,0.04043,0.11604,2.67865
Link,DE0 6 home battery,home battery discharger,0.31222,0.20443,415.70495
Link,DE0 6 low voltage,BEV charger,7029.00167,42772.35455,66195.28084
Link,DE0 6 low voltage,electricity distribution grid,13282.29375,18220.09781,23675.01723
Link,DE0 6 low voltage,home battery charger,0.30511,0.2003,407.30601
Link,DE0 6 low voltage,rural air heat pump,0.0075,0.00623,0.15776
Link,DE0 6 low voltage,rural ground heat pump,180.34198,476.32944,457.62613
Link,DE0 6 low voltage,rural resistive heater,223.52832,1094.39284,1002.46883
Link,DE0 6 low voltage,urban central air heat pump,0.00681,360.05266,481.14497
Link,DE0 6 low voltage,urban central resistive heater,1.90112,4220.69654,5794.81994
Link,DE0 6 low voltage,urban decentral air heat pump,198.3584,891.48086,1738.38381
Link,DE0 6 low voltage,urban decentral resistive heater,519.91432,3068.23135,6239.25676
Link,DE0 6 non-sequestered HVC,waste CHP,1013.06376,1641.99686,1642.29962
Link,DE0 6 non-sequestered HVC,waste CHP CC,0.09507,0.03551,0.31737
Link,DE0 6 process emissions,process emissions,873.82117,0.0067,0.0253
Link,DE0 6 process emissions,process emissions CC,0.08824,679.3072,679.56211
Link,DE0 6 rural heat,rural water tanks charger,2408.20128,2412.60975,2454.86275
Link,DE0 6 rural water tanks,rural water tanks discharger,2408.20128,2412.60975,2454.86275
Link,DE0 6 solid biomass,biomass to liquid,0.01151,0.01063,0.29034
Link,DE0 6 solid biomass,biomass to liquid CC,0.00831,0.00803,0.25175
Link,DE0 6 solid biomass,rural biomass boiler,610.67259,348.4066,0.0009
Link,DE0 6 solid biomass,solid biomass,152.19005,,
Link,DE0 6 solid biomass,solid biomass for industry,915.51293,1178.06694,0.14024
Link,DE0 6 solid biomass,solid biomass for industry CC,0.04067,0.04026,1566.65593
Link,DE0 6 solid biomass,urban central solid biomass CHP,738.3629,405.3316,0.40847
Link,DE0 6 solid biomass,urban central solid biomass CHP CC,0.00882,0.00732,0.24581
Link,DE0 6 solid biomass,urban decentral biomass boiler,6799.32144,14379.07125,10683.19839
Link,DE0 6 unsustainable bioliquids,unsustainable bioliquids,4405652.67327,1433333.01308,
Link,DE0 6 urban central heat,urban central water pits charger,1351.18047,5212.83961,6773.17209
Link,DE0 6 urban central heat,urban central water tanks charger,0.31037,0.32347,3.20223
Link,DE0 6 urban central water pits,urban central water pits discharger,1351.18047,5212.83961,6773.17209
Link,DE0 6 urban central water tanks,urban central water tanks discharger,0.31037,0.32347,3.20223
Link,DE0 6 urban decentral heat,urban decentral water tanks charger,5064.51577,5068.29302,5119.52646
Link,DE0 6 urban decentral water tanks,urban decentral water tanks discharger,5064.51577,5068.29302,5119.52646
Link,DE0 7,DAC,0.00171,0.00233,0.15617
Link,DE0 7,DC,2000.00094,6000.00103,6000.24114
Link,DE0 7,H2 Electrolysis,0.00746,0.0601,1.41048
Link,DE0 7,battery charger,0.09888,3414.39702,3434.53084
Link,DE0 7,electricity distribution grid,8217.56846,11912.68178,13514.33035
Link,DE0 7 H2,Fischer-Tropsch,0.02078,0.1634,0.53207
Link,DE0 7 H2,H2 Fuel Cell,0.01328,0.0282,0.74241
Link,DE0 7 H2,H2 pipeline,10.92135,2985.91265,3748.10606
Link,DE0 7 H2,H2 turbine,0.06282,1.46492,34.18442
Link,DE0 7 H2,Sabatier,0.00878,0.01472,0.31399
Link,DE0 7 H2,methanolisation,21.25573,21.316,4.14173
Link,DE0 7 battery,battery discharger,0.10118,3484.80437,3505.35336
Link,DE0 7 biogas,biogas to gas,1438.68789,1438.69645,0.65957
Link,DE0 7 biogas,biogas to gas CC,0.41147,0.00832,255.09796
Link,DE0 7 home battery,home battery discharger,95.11977,171.33263,54.28743
Link,DE0 7 low voltage,BEV charger,4690.98389,28545.22384,44177.11226
Link,DE0 7 low voltage,electricity distribution grid,8217.56846,11912.68178,13514.33035
Link,DE0 7 low voltage,home battery charger,92.95494,167.87101,53.1906
Link,DE0 7 low voltage,rural air heat pump,0.01213,0.00624,0.15923
Link,DE0 7 low voltage,rural ground heat pump,105.28703,1025.09001,986.32764
Link,DE0 7 low voltage,rural resistive heater,86.21333,2742.80733,2658.5102
Link,DE0 7 low voltage,urban central air heat pump,0.00689,0.48935,169.32615
Link,DE0 7 low voltage,urban central resistive heater,288.87977,4333.14065,4050.93728
Link,DE0 7 low voltage,urban decentral air heat pump,107.50643,252.37931,330.78947
Link,DE0 7 low voltage,urban decentral resistive heater,30.4307,947.92718,1132.04474
Link,DE0 7 non-sequestered HVC,waste CHP,671.81979,1064.11167,1064.42896
Link,DE0 7 non-sequestered HVC,waste CHP CC,0.1382,0.03162,0.33173
Link,DE0 7 process emissions,process emissions,296.45249,0.00962,0.03818
Link,DE0 7 process emissions,process emissions CC,1.05695,332.32305,346.87418
Link,DE0 7 rural heat,rural water tanks charger,1089.1037,7440.64849,7457.76955
Link,DE0 7 rural water tanks,rural water tanks discharger,1089.1037,7440.64849,7457.76955
Link,DE0 7 solid biomass,biomass to liquid,0.01153,0.01006,0.3165
Link,DE0 7 solid biomass,biomass to liquid CC,0.00835,0.00742,0.41368
Link,DE0 7 solid biomass,rural biomass boiler,1825.95492,1081.8371,0.00063
Link,DE0 7 solid biomass,solid biomass,56.16184,,
Link,DE0 7 solid biomass,solid biomass for industry,549.07599,619.8526,0.17783
Link,DE0 7 solid biomass,solid biomass for industry CC,0.04384,0.03983,738.37882
Link,DE0 7 solid biomass,urban central solid biomass CHP,3758.51599,2834.11964,10.75457
Link,DE0 7 solid biomass,urban central solid biomass CHP CC,0.00969,0.0069,0.31351
Link,DE0 7 solid biomass,urban decentral biomass boiler,2853.94658,5998.24264,7074.64084
Link,DE0 7 unsustainable bioliquids,unsustainable bioliquids,5942147.38167,1896766.61598,
Link,DE0 7 urban central heat,urban central water pits charger,767.58751,4795.05839,4879.69666
Link,DE0 7 urban central heat,urban central water tanks charger,0.30724,0.32615,3.0976
Link,DE0 7 urban central water pits,urban central water pits discharger,767.58751,4795.05839,4879.69666
Link,DE0 7 urban central water tanks,urban central water tanks discharger,0.30724,0.32615,3.0976
Link,DE0 7 urban decentral heat,urban decentral water tanks charger,202.94981,1317.18375,1341.04205
Link,DE0 7 urban decentral water tanks,urban decentral water tanks discharger,202.94981,1317.18375,1341.04205
StorageUnit,DE0 0,PHS,1830.0,1830.0,1830.0
StorageUnit,DE0 0,hydro,120.0,120.0,120.0
StorageUnit,DE0 1,PHS,340.0,340.0,340.0
StorageUnit,DE0 2,PHS,480.0,480.0,480.0
StorageUnit,DE0 3,PHS,39.8,39.8,39.8
StorageUnit,DE0 4,PHS,1733.42,1733.42,1733.42
StorageUnit,DE0 5,PHS,2660.0,2660.0,2660.0
StorageUnit,DE0 6,PHS,208.0,208.0,208.0
StorageUnit,DE0 7,PHS,235.0,235.0,235.0
StorageUnit,DE0 7,hydro,169.5,169.5,169.5
Store,DE gas,gas,2973.35896,563.01769,302482528.52791
Store,DE methanol,methanol,4549.5261,3259279.87061,5773815.50917
Store,DE oil,oil,9388512.10196,1147.59896,2310884793.56874
Store,DE0 0 H2,H2 Store,0.90702,0.5964,8.16171
Store,DE0 0 battery,battery,0.18308,82278.52046,90212.95604
Store,DE0 0 co2 stored,co2 stored,14.57729,13.77104,43.61727
Store,DE0 0 home battery,home battery,337.27206,338.23679,347.44516
Store,DE0 0 non-sequestered HVC,non-sequestered HVC,6333135.33544,4426771.14731,2644004.2066
Store,DE0 0 rural water tanks,rural water tanks,185.10997,409.78986,412.64778
Store,DE0 0 urban central water pits,urban central water pits,95734.71367,504095.70043,643509.26
Store,DE0 0 urban central water tanks,urban central water tanks,18.75887,38.45341,234.243
Store,DE0 0 urban decentral water tanks,urban decentral water tanks,42.67455,99.1921,119.09923
Store,DE0 1 H2,H2 Store,325.76724,139529.66155,553505.58861
Store,DE0 1 battery,battery,0.17794,17153.0669,17347.99077
Store,DE0 1 co2 stored,co2 stored,9.3645,8.3452,40.31866
Store,DE0 1 home battery,home battery,364.05064,1537.51369,1886.93357
Store,DE0 1 non-sequestered HVC,non-sequestered HVC,6610976.47191,4620978.13347,2759999.38035
Store,DE0 1 rural water tanks,rural water tanks,286.76615,940.89445,946.58478
Store,DE0 1 urban central water pits,urban central water pits,219419.62167,954015.45545,973608.56646
Store,DE0 1 urban central water tanks,urban central water tanks,18.04206,37.54073,225.04449
Store,DE0 1 urban decentral water tanks,urban decentral water tanks,5.57064,532.38373,538.6329
Store,DE0 2 H2,H2 Store,343.18347,1031338.38186,1793368.85857
Store,DE0 2 battery,battery,0.17782,36042.83161,55939.19581
Store,DE0 2 co2 stored,co2 stored,8.83214,8.33843,40.32032
Store,DE0 2 home battery,home battery,2.16919,9177.84507,9196.32805
Store,DE0 2 non-sequestered HVC,non-sequestered HVC,6367738.67514,4450958.38755,2658450.66494
Store,DE0 2 rural water tanks,rural water tanks,134.9886,275.60032,280.4751
Store,DE0 2 urban central water pits,urban central water pits,103081.36893,510608.61833,912804.65947
Store,DE0 2 urban central water tanks,urban central water tanks,18.9463,38.36468,230.49297
Store,DE0 2 urban decentral water tanks,urban decentral water tanks,599.98131,1124.98449,1127.99729
Store,DE0 3 H2,H2 Store,973.95526,862659.78288,1730723.74967
Store,DE0 3 battery,battery,0.18183,46710.20671,47464.97485
Store,DE0 3 co2 stored,co2 stored,13.10254,13.59636,43.22456
Store,DE0 3 home battery,home battery,296.856,2810.07841,2921.81498
Store,DE0 3 non-sequestered HVC,non-sequestered HVC,7836506.32232,5477605.99545,3271642.65152
Store,DE0 3 rural water tanks,rural water tanks,389.72563,1323.88647,1329.49435
Store,DE0 3 urban central water pits,urban central water pits,457929.38107,1043414.49535,1080988.63047
Store,DE0 3 urban central water tanks,urban central water tanks,18.22485,37.91407,224.02654
Store,DE0 3 urban decentral water tanks,urban decentral water tanks,0.39315,324.2505,330.66304
Store,DE0 4 H2,H2 Store,4731.3498,3340964.29232,10244887.07367
Store,DE0 4 battery,battery,0.17398,19765.59033,19881.37673
Store,DE0 4 co2 stored,co2 stored,10.1445,11.74938,49.48293
Store,DE0 4 home battery,home battery,1.73643,8129.18713,19419.43157
Store,DE0 4 non-sequestered HVC,non-sequestered HVC,11923331.81506,8334238.64533,4977840.80175
Store,DE0 4 rural water tanks,rural water tanks,321.23648,330.73134,326.15582
Store,DE0 4 urban central water pits,urban central water pits,261719.24438,1996962.44916,2489170.53049
Store,DE0 4 urban central water tanks,urban central water tanks,18.5703,37.94405,231.95961
Store,DE0 4 urban decentral water tanks,urban decentral water tanks,1176.71755,2760.16835,2766.06083
Store,DE0 5 H2,H2 Store,69.23993,1291693.92358,6003464.03404
Store,DE0 5 battery,battery,0.1764,43.0149,2276.56791
Store,DE0 5 co2 stored,co2 stored,8.94589,9.85147,43.12477
Store,DE0 5 home battery,home battery,193.74375,2254.81719,2281.95967
Store,DE0 5 non-sequestered HVC,non-sequestered HVC,4765971.85781,3331346.25925,1989733.20057
Store,DE0 5 rural water tanks,rural water tanks,298.05686,839.25968,844.68063
Store,DE0 5 urban central water pits,urban central water pits,169023.30114,523132.85312,590127.85006
Store,DE0 5 urban central water tanks,urban central water tanks,18.47753,37.80549,227.37755
Store,DE0 5 urban decentral water tanks,urban decentral water tanks,8.74179,31.56803,33.22478
Store,DE0 6 H2,H2 Store,0.44561,0.58309,7.53398
Store,DE0 6 battery,battery,0.17388,31326.86604,32142.27838
Store,DE0 6 co2 stored,co2 stored,9.17142,11.03159,42.85766
Store,DE0 6 home battery,home battery,1.75115,1.15429,831.53116
Store,DE0 6 non-sequestered HVC,non-sequestered HVC,8734761.00778,6105473.19138,3646652.66491
Store,DE0 6 rural water tanks,rural water tanks,361.23019,361.89146,368.22941
Store,DE0 6 urban central water pits,urban central water pits,202677.0705,781925.9419,1015975.81397
Store,DE0 6 urban central water tanks,urban central water tanks,18.72896,38.24846,231.48625
Store,DE0 6 urban decentral water tanks,urban decentral water tanks,759.67737,760.24395,767.92897
Store,DE0 7 H2,H2 Store,1.19782,0.5838,7.59743
Store,DE0 7 battery,battery,0.173,30108.54993,30284.4294
Store,DE0 7 co2 stored,co2 stored,13.31777,13.54393,44.418
Store,DE0 7 home battery,home battery,475.6067,514.00856,522.39983
Store,DE0 7 non-sequestered HVC,non-sequestered HVC,5829365.9723,4074643.55749,2433686.84486
Store,DE0 7 rural water tanks,rural water tanks,163.36555,1116.09727,1118.66543
Store,DE0 7 urban central water pits,urban central water pits,115138.12711,719258.75859,731954.49831
Store,DE0 7 urban central water tanks,urban central water tanks,18.54045,38.22207,225.14605
Store,DE0 7 urban decentral water tanks,urban decentral water tanks,30.44247,197.57756,201.15631
Generator,DE0 0 biogas,biogas,,1331400.58466,2072904.59819
Generator,DE0 1 biogas,biogas,,3999208.90589,6169028.16455
Generator,DE0 2 biogas,biogas,,5653740.86129,8989250.72876
Generator,DE0 3 biogas,biogas,,3500329.06267,5225291.66721
Generator,DE0 4 biogas,biogas,,2237407.57188,3513160.87286
Generator,DE0 5 biogas,biogas,,1620560.13804,2444204.26181
Generator,DE0 6 biogas,biogas,,767593.22969,1222389.05347
Generator,DE0 7 biogas,biogas,,1448775.79606,2238029.2881
Link,DE methanol,shipping methanol,,661.93246,1512.98848
Link,DE0 0,DC,,2000.00015,2001.72544
Link,DE0 0 H2,H2 CCGT,,0.11512,2.00928
Link,DE0 0 H2,H2 OCGT,,1.78241,36.21475
Link,DE0 0 H2,H2 pipeline (Kernnetz),,1080.0,1080.0
Link,DE0 0 H2,urban central H2 CHP,,0.90385,1624.8477
Link,DE0 1 H2,H2 CCGT,,0.12842,2.61865
Link,DE0 1 H2,H2 OCGT,,34.75324,6456.62965
Link,DE0 1 H2,H2 pipeline (Kernnetz),,20459.16667,20459.16667
Link,DE0 1 H2,urban central H2 CHP,,1.14619,22.34529
Link,DE0 1 co2 stored,co2 sequestered,,1212.43298,3742.85889
Link,DE0 2 H2,H2 CCGT,,0.16517,2.7013
Link,DE0 2 H2,H2 OCGT,,25179.85786,26533.54842
Link,DE0 2 H2,H2 pipeline (Kernnetz),,57703.33333,57703.33333
Link,DE0 2 H2,H2 pipeline retrofitted,,0.20652,13.99609
Link,DE0 2 H2,urban central H2 CHP,,0.51519,2479.64857
Link,DE0 2 co2 stored,co2 sequestered,,2235.90305,5885.67792
Link,DE0 3 H2,H2 CCGT,,0.16773,3.11946
Link,DE0 3 H2,H2 OCGT,,6471.51269,15125.66244
Link,DE0 3 H2,H2 pipeline (Kernnetz),,50885.0,50885.0
Link,DE0 3 H2,urban central H2 CHP,,928.6269,988.57413
Link,DE0 4 H2,H2 CCGT,,0.3616,3.9789
Link,DE0 4 H2,H2 OCGT,,31126.46449,57845.29267
Link,DE0 4 H2,urban central H2 CHP,,8093.77556,13757.37153
Link,DE0 5,DC,,2000.00004,2002.01293
Link,DE0 5 H2,H2 CCGT,,0.1736,3.18032
Link,DE0 5 H2,H2 OCGT,,13623.10964,39603.00566
Link,DE0 5 H2,H2 pipeline,,2.28501,49.40711
Link,DE0 5 H2,H2 pipeline (Kernnetz),,59155.83333,59155.83333
Link,DE0 5 H2,urban central H2 CHP,,0.53707,9.88454
Link,DE0 6 H2,H2 CCGT,,0.20731,3.27945
Link,DE0 6 H2,H2 OCGT,,70.7738,3162.87696
Link,DE0 6 H2,H2 pipeline (Kernnetz),,31553.33333,31553.33333
Link,DE0 6 H2,H2 pipeline retrofitted,,1074.62671,2756.5927
Link,DE0 6 H2,urban central H2 CHP,,1482.85887,8602.55493
Link,DE0 7 H2,H2 CCGT,,0.11549,2.47248
Link,DE0 7 H2,H2 OCGT,,1.7585,44.4003
Link,DE0 7 H2,H2 pipeline (Kernnetz),,31963.33333,31963.33333
Link,DE0 7 H2,urban central H2 CHP,,0.7356,702.44098
Store,DE0 0 EV battery,EV battery,,70482.00073,109079.23779
Store,DE0 1 EV battery,EV battery,,73574.11832,113864.65572
Store,DE0 1 co2 sequestered,co2 sequestered,,3728537.89194,28904752.42308
Store,DE0 2 EV battery,EV battery,,70867.10424,109675.23104
Store,DE0 2 co2 sequestered,co2 sequestered,,16271457.49248,51094157.95194
Store,DE0 3 EV battery,EV battery,,87213.14406,134972.66224
Store,DE0 4 EV battery,EV battery,,132695.77187,205362.41173
Store,DE0 5 EV battery,EV battery,,53040.90536,82087.07852
Store,DE0 6 EV battery,EV battery,,97209.8967,150443.82009
Store,DE0 7 EV battery,EV battery,,64875.50873,100402.52787
Link,DE0 3,DC,,,2.51722
